java.io.FileInputStream.readBytes,0.0000
java.lang.ref.Reference.waitForReferencePendingList,0.0000
sun.nio.ch.Net.accept,0.0000
sun.nio.ch.SocketDispatcher.read0,0.0000
java.io.FileInputStream.readBytes,0.0000
java.util.zip.Inflater.inflateBytesBytes,0.0000
sun.nio.cs.UTF_8$Encoder.encodeArrayLoop,0.0000
java.util.zip.ZipFile$ZipFileInputStream.read,0.0000
org.apache.commons.math3.util.FastMath$lnMant.<clinit>,0.0000
java.lang.StringBuilder.append,0.0000
java.lang.ProcessImpl.waitForInterruptibly,0.0000
org.apache.commons.math3.special.Beta.regularizedBeta,0.0000
